Date,Open,High,Low,Close,Volume
2020-01-01,1496.96,1501.39,1495.46,1499.14,35050273
2020-01-02,1463.79,1471.09,1457.65,1458.17,14057334
2020-01-03,1493.78,1498.79,1473.43,1483.3,30203473
2020-01-06,1420.57,1442.6,1416.16,1422.38,12833030
2020-01-07,1375.98,1385.73,1377.55,1380.47,28226672
2020-01-08,1394.04,1406.36,1385.76,1391.81,17669029
2020-01-09,1395.7,1422.97,1401.43,1403.23,37267817
2020-01-10,1389.03,1395.13,1384.11,1390.23,44817990
2020-01-13,1393.67,1402.91,1392.28,1393.73,31758531
2020-01-14,1341.04,1343.82,1341.05,1341.23,12578831
2020-01-15,1356.45,1358.98,1346.11,1355.85,7037050
2020-01-16,1355.66,1367.06,1354.47,1361.34,41301872
2020-01-17,1355.86,1372.15,1356.78,1360.81,37408123
2020-01-20,1356.56,1374.16,1352.48,1361.65,19896645
2020-01-21,1361.02,1392.31,1368.27,1372.13,34218590
2020-01-22,1374.29,1389.57,1369.29,1371.95,22509747
2020-01-23,1339.76,1343.13,1332.9,1333.79,22236564
2020-01-24,1383.62,1378.93,1373.48,1378.13,37265169
2020-01-27,1401.53,1422.58,1393.28,1403.37,14666207
2020-01-28,1371.16,1390.32,1362.37,1376.74,43061102
2020-01-29,1375.13,1373.72,1366.9,1370.03,31570401
2020-01-30,1369.95,1374.49,1353.91,1365.59,14146522
2020-01-31,1389.61,1421.38,1385.11,1388.1,26057765
2020-02-03,1355.27,1344.68,1332.76,1343.55,23681131
2020-02-04,1333.72,1340.65,1315.79,1333.9,28068829
2020-02-05,1297.4,1300.86,1278.42,1299.07,44774506
2020-02-06,1291.32,1296.46,1287.18,1293.91,5074493
2020-02-07,1275.1,1290.52,1276.3,1285.13,40073603
2020-02-10,1291.31,1291.6,1284.47,1287.05,22117669
2020-02-11,1275.09,1288.56,1272.02,1275.76,44613991
2020-02-12,1264.99,1268.49,1245.65,1261.77,21777659
2020-02-13,1285.6,1281.6,1273.12,1273.87,34923157
2020-02-14,1280.43,1300.95,1273.9,1282.94,6092745
2020-02-17,1278.81,1303.29,1291.03,1293.94,45208137
2020-02-18,1294.0,1311.67,1290.27,1290.89,43028189
2020-02-19,1281.28,1297.94,1260.27,1280.21,24345033
2020-02-20,1273.63,1283.41,1268.94,1278.31,49134691
2020-02-21,1290.87,1291.27,1285.38,1288.31,44154897
2020-02-24,1251.53,1259.85,1243.97,1246.63,18293354
2020-02-25,1248.43,1254.95,1237.55,1254.37,22621743
2020-02-26,1258.66,1263.05,1260.26,1260.56,30430890
2020-02-27,1271.44,1267.97,1258.77,1262.12,36253142
2020-02-28,1255.12,1268.45,1259.24,1259.67,46852291
2020-03-02,1211.96,1212.91,1207.64,1211.56,22266059
2020-03-03,1188.13,1215.48,1203.58,1203.93,19969979
2020-03-04,1227.45,1237.43,1217.2,1236.61,11170160
2020-03-05,1238.19,1238.51,1221.9,1237.22,31936215
2020-03-06,1239.44,1239.81,1228.43,1231.88,24436428
2020-03-09,1224.18,1234.2,1217.11,1232.57,46832922
2020-03-11,1239.96,1241.07,1236.05,1239.5,34774181
2020-03-12,1249.77,1263.89,1244.9,1252.12,33387046
2020-03-13,1254.14,1264.22,1233.78,1248.19,26108167
2020-03-16,1248.87,1257.28,1248.63,1256.52,28381921
2020-03-17,1291.27,1296.34,1282.65,1288.5,22615368
2020-03-18,1304.06,1317.44,1301.61,1308.34,42278528
2020-03-19,1356.17,1362.83,1350.43,1354.66,10324273
2020-03-23,1342.18,1347.17,1336.59,1341.72,41732469
2020-03-24,1374.13,1383.61,1375.49,1375.86,32154858
2020-03-25,1363.2,1369.58,1355.78,1359.95,19283760
2020-03-26,1367.87,1384.31,1366.26,1367.57,23737913
2020-03-27,1382.09,1402.21,1375.98,1383.01,39207170
2020-03-30,1370.38,1386.84,1362.25,1372.83,20478076
2020-03-31,1375.58,1375.42,1348.81,1375.05,38575398
2020-04-01,1395.79,1401.77,1392.22,1394.24,35608098
2020-04-03,1372.98,1412.65,1363.03,1379.8,5608903
2020-04-07,1412.3,1429.74,1406.51,1414.77,43678080
2020-04-08,1378.5,1387.26,1383.29,1385.81,38949700
2020-04-09,1426.27,1444.44,1418.17,1426.55,33511602
2020-04-13,1444.11,1449.57,1436.84,1448.4,24258220
2020-04-15,1452.47,1459.54,1445.51,1446.89,5337450
2020-04-16,1443.42,1445.48,1420.45,1438.58,39799605
2020-04-17,1421.48,1440.63,1416.86,1428.07,15444554
2020-04-20,1425.57,1441.17,1417.04,1425.59,21918689
2020-04-21,1429.53,1429.7,1415.32,1424.98,18744660
2020-04-22,1450.97,1462.98,1435.02,1452.24,44582578
2020-04-23,1490.11,1516.11,1484.35,1495.56,36988121
2020-04-24,1492.28,1508.15,1499.24,1500.48,48325055
2020-04-27,1488.23,1515.65,1473.46,1481.9,24144267
2020-04-28,1476.85,1475.71,1424.85,1470.21,15695752
2020-04-29,1465.1,1475.12,1454.02,1466.62,47956008
2020-04-30,1449.92,1446.04,1424.93,1444.39,33011350
2020-05-01,1398.24,1434.93,1412.59,1419.28,9097129
2020-05-04,1474.08,1468.65,1463.99,1464.36,16375492
2020-05-05,1470.29,1472.9,1446.52,1471.44,48816457
2020-05-06,1454.53,1454.62,1441.91,1453.5,43789561
2020-05-08,1469.38,1472.21,1465.8,1471.74,28385865
2020-05-11,1456.25,1453.71,1438.04,1446.16,23396749
2020-05-12,1415.27,1424.38,1405.72,1422.82,10577929
2020-05-13,1416.48,1408.14,1389.51,1406.11,44259959
2020-05-14,1444.29,1441.52,1439.23,1441.43,41311741
2020-05-15,1440.86,1447.23,1434.88,1436.39,13303345
2020-05-18,1381.94,1403.72,1380.42,1384.22,14897764
2020-05-19,1400.54,1419.24,1405.77,1409.76,30033896
2020-05-20,1410.23,1408.1,1401.57,1403.7,30110015
2020-05-21,1367.31,1374.19,1360.18,1365.18,40729637
2020-05-22,1368.36,1361.14,1357.6,1359.11,33304533
2020-05-26,1368.81,1376.04,1365.56,1370.14,49148566
2020-05-27,1375.96,1381.5,1377.82,1378.85,43052924
2020-05-28,1426.29,1428.97,1408.99,1416.46,13909940
2020-05-29,1412.14,1427.03,1398.73,1398.77,47754286
2020-06-01,1400.24,1405.68,1392.17,1400.17,35744434
2020-06-02,1380.67,1390.99,1377.24,1385.89,39794338
2020-06-03,1359.74,1359.24,1350.61,1354.25,42165812
2020-06-04,1370.9,1382.48,1371.33,1372.64,42000659
2020-06-05,1386.73,1395.82,1382.2,1382.59,7839844
2020-06-08,1387.09,1399.04,1378.71,1388.89,21268712
2020-06-09,1409.13,1404.56,1392.62,1398.2,14146884
2020-06-10,1379.4,1393.02,1382.06,1384.24,26892707
2020-06-11,1367.06,1371.91,1362.49,1363.78,49900556
2020-06-12,1361.62,1371.73,1358.31,1364.96,27420659
2020-06-15,1387.18,1397.5,1388.32,1389.14,23173456
2020-06-16,1420.14,1431.81,1411.65,1423.07,10417049
2020-06-17,1445.79,1457.13,1438.32,1440.47,13215027
2020-06-18,1448.15,1445.26,1438.92,1441.53,45688819
2020-06-19,1451.84,1453.61,1439.63,1447.8,19169848
2020-06-22,1447.71,1472.82,1425.68,1448.49,22051386
2020-06-23,1427.63,1434.69,1419.23,1426.63,36165459
2020-06-24,1434.0,1428.38,1408.54,1427.59,19140774
2020-06-25,1405.93,1411.23,1389.8,1399.43,44898720
2020-06-26,1378.46,1407.88,1395.97,1397.25,30147101
2020-06-29,1430.0,1435.71,1428.48,1431.95,25833935
2020-06-30,1448.43,1456.05,1443.73,1450.06,39634049
2020-07-01,1435.21,1433.09,1409.0,1430.42,16893003
2020-07-02,1428.81,1445.85,1425.24,1429.29,23342183
2020-07-03,1416.91,1414.98,1405.62,1411.83,38455616
2020-07-06,1403.32,1411.81,1409.09,1410.93,43943289
2020-07-07,1435.25,1438.28,1430.29,1433.39,45591623
2020-07-08,1454.38,1456.03,1431.66,1447.86,32475530
2020-07-09,1491.17,1504.11,1499.23,1502.24,47295228
2020-07-10,1548.78,1541.84,1511.73,1529.56,6102676
2020-07-13,1543.84,1546.59,1524.04,1534.7,17965192
2020-07-14,1550.76,1575.54,1544.59,1550.75,30268624
2020-07-15,1540.1,1556.8,1545.17,1546.51,46537892
2020-07-16,1519.49,1530.48,1515.09,1520.82,40560178
2020-07-17,1551.71,1567.49,1546.46,1551.06,10605874
2020-07-20,1578.47,1583.64,1574.74,1575.0,45866625
2020-07-21,1581.56,1576.75,1568.13,1569.78,36666610
2020-07-22,1572.95,1578.3,1569.24,1576.7,6138806
2020-07-23,1611.04,1616.48,1591.24,1606.52,49899374
2020-07-24,1616.88,1631.13,1609.01,1627.4,33455934
2020-07-27,1588.88,1615.15,1562.1,1592.17,11916443
2020-07-28,1601.48,1599.73,1587.25,1598.47,16623927
2020-07-29,1600.44,1612.07,1572.24,1594.93,27755866
2020-07-30,1615.92,1633.37,1619.12,1622.03,28852544
2020-07-31,1643.98,1657.3,1645.39,1647.61,48701642
2020-08-03,1692.96,1707.74,1675.42,1680.69,30298598
2020-08-04,1662.61,1665.3,1639.93,1653.01,49622353
2020-08-05,1635.76,1635.73,1633.64,1634.06,33746030
2020-08-06,1643.28,1667.76,1660.25,1661.86,29722964
2020-08-07,1668.3,1667.16,1637.89,1647.61,13802459
2020-08-10,1610.34,1610.57,1599.2,1610.5,35961536
2020-08-11,1621.31,1624.29,1611.91,1623.85,36579155
2020-08-12,1606.8,1627.8,1589.14,1611.01,40441395
2020-08-13,1657.86,1674.25,1648.42,1654.75,13110968
2020-08-14,1665.8,1669.06,1651.98,1662.59,25032968
2020-08-17,1675.01,1678.72,1664.18,1667.09,36829488
2020-08-18,1650.68,1660.88,1657.67,1658.36,12513907
2020-08-19,1695.78,1714.07,1682.62,1698.43,5773699
2020-08-20,1725.41,1709.25,1698.44,1708.07,11728350
2020-08-24,1700.03,1698.86,1689.95,1698.12,30616432
2020-08-25,1676.95,1690.71,1671.75,1678.4,7654388
2020-08-26,1669.15,1697.98,1661.42,1677.05,6036070
2020-08-27,1657.14,1677.49,1635.87,1652.96,32102600
2020-08-28,1687.63,1694.17,1660.22,1678.97,42601809
2020-08-31,1641.08,1652.13,1620.78,1633.93,5775819
2020-09-01,1628.89,1633.03,1620.31,1631.0,5152135
2020-09-02,1649.39,1647.74,1625.96,1646.42,32080433
2020-09-03,1669.2,1658.99,1650.26,1655.36,29534788
2020-09-04,1646.82,1643.41,1637.47,1638.05,37703750
2020-09-07,1648.27,1659.81,1639.6,1654.76,42849230
2020-09-08,1612.48,1643.96,1624.14,1633.27,42921474
2020-09-09,1635.63,1638.47,1603.88,1633.21,25209957
2020-09-10,1656.26,1651.26,1637.02,1649.67,16781657
2020-09-11,1652.57,1663.71,1659.58,1661.62,10271973
2020-09-14,1645.22,1657.62,1629.84,1645.29,35324282
2020-09-15,1673.13,1681.55,1667.55,1675.34,12719475
2020-09-16,1678.89,1679.0,1658.74,1678.02,16262368
2020-09-17,1692.6,1697.71,1694.3,1697.22,15636394
2020-09-18,1747.87,1741.46,1723.79,1736.66,42293373
2020-09-21,1767.6,1772.91,1766.24,1766.29,31271679
2020-09-22,1788.6,1808.31,1781.82,1796.5,15521368
2020-09-23,1810.5,1817.74,1797.36,1802.23,40712424
2020-09-24,1812.7,1830.23,1818.35,1824.23,43283794
2020-09-25,1842.39,1839.58,1829.35,1830.63,38020952
2020-09-28,1806.88,1814.27,1791.18,1797.97,22815462
2020-09-29,1819.22,1829.41,1804.66,1806.67,49328963
2020-09-30,1812.72,1815.08,1811.97,1814.16,13132610
2020-10-01,1826.05,1855.43,1819.33,1830.59,20554977
2020-10-05,1828.39,1846.61,1821.29,1827.62,42208602
2020-10-06,1806.54,1818.24,1774.65,1807.3,31528623
2020-10-07,1819.68,1828.63,1807.7,1825.64,28651034
2020-10-08,1785.26,1808.63,1769.11,1790.22,38485867
2020-10-09,1826.58,1847.57,1795.28,1829.93,41330195
2020-10-12,1813.46,1825.5,1823.02,1824.13,41794931
2020-10-13,1837.61,1837.25,1818.31,1831.4,35054601
2020-10-14,1846.81,1864.59,1839.61,1847.29,8131712
2020-10-15,1861.34,1879.6,1848.97,1864.21,46079247
2020-10-16,1815.24,1832.83,1824.5,1825.37,27027843
2020-10-19,1837.76,1872.28,1846.07,1848.48,40650786
2020-10-20,1875.42,1858.0,1846.2,1857.44,48248248
2020-10-21,1834.53,1845.98,1832.47,1840.3,45749388
2020-10-22,1825.72,1828.75,1815.99,1820.16,22416206
2020-10-23,1813.05,1833.03,1801.87,1811.58,23590776
2020-10-27,1752.17,1780.79,1776.38,1776.83,5058697
2020-10-28,1839.61,1855.52,1795.43,1823.27,26007423
2020-10-29,1870.84,1870.23,1854.11,1864.46,21162826
2020-10-30,1870.44,1901.22,1868.2,1877.65,10022943
2020-11-02,1871.66,1883.2,1871.19,1871.93,10617376
2020-11-03,1856.22,1870.17,1853.89,1866.95,41750972
2020-11-04,1905.99,1900.4,1883.87,1888.74,36358611
2020-11-05,1930.31,1939.24,1934.73,1939.11,13947427
2020-11-06,1918.07,1927.68,1909.0,1923.1,27529529
2020-11-09,1884.54,1902.43,1875.71,1891.44,45303113
2020-11-10,1936.7,1965.21,1931.42,1935.92,29788021
2020-11-11,1897.51,1889.13,1854.71,1884.6,32466494
2020-11-12,1873.27,1864.33,1821.13,1856.66,40031609
2020-11-13,1846.65,1853.15,1839.04,1850.34,20829698
2020-11-17,1811.0,1844.02,1806.59,1807.58,40480480
2020-11-18,1839.03,1840.26,1824.37,1838.28,5597925
2020-11-19,1853.32,1871.32,1848.98,1862.46,39915730
2020-11-20,1869.33,1863.88,1843.85,1846.96,39283395
2020-11-23,1895.8,1910.47,1874.87,1882.97,15645067
2020-11-24,1926.28,1930.06,1897.83,1924.46,22896536
2020-11-25,1936.98,1931.84,1909.11,1921.78,13107873
2020-11-26,1920.93,1915.42,1895.24,1909.36,7173113
2020-11-27,1975.46,1974.89,1970.92,1974.65,39893637
2020-12-01,1999.85,2015.3,1983.48,1996.6,9816651
2020-12-02,2020.04,2007.01,1995.98,2004.88,29261502
2020-12-03,2036.81,2054.37,2031.83,2046.49,30704592
2020-12-04,2073.58,2065.17,2043.92,2056.37,17246656
2020-12-07,2039.09,2069.0,2021.77,2041.39,49627574
2020-12-08,2060.05,2058.15,2030.76,2044.46,49740609
2020-12-09,2076.87,2081.63,2075.0,2076.92,29873475
2020-12-10,2018.88,2029.16,2006.56,2015.48,29480499
2020-12-11,2007.04,2008.62,1993.09,2007.38,41804673
2020-12-14,2044.17,2052.71,2044.92,2049.62,16307253
2020-12-15,2031.75,2057.76,2005.76,2034.5,24152301
2020-12-16,2096.66,2104.91,2078.18,2082.3,33148283
2020-12-17,2102.5,2130.0,2125.03,2127.11,25684007
2020-12-18,2112.49,2134.8,2105.08,2125.66,44743923
2020-12-21,2100.52,2119.52,2106.64,2108.17,39105007
2020-12-22,2088.39,2110.26,2074.61,2099.71,14314686
2020-12-23,2200.76,2187.72,2174.82,2184.27,9626117
2020-12-24,2260.46,2270.31,2204.05,2246.33,25464699
2020-12-28,2257.89,2271.35,2230.02,2251.23,40112861
2020-12-29,2224.25,2269.36,2215.08,2231.37,5960981
2020-12-30,2250.89,2249.28,2218.94,2235.96,31399826
2020-12-31,2226.98,2265.99,2210.49,2244.81,29719433
2021-01-01,2227.21,2205.94,2191.92,2203.61,35790966
2021-01-04,2199.37,2245.91,2196.53,2206.92,39799045
2021-01-05,2248.41,2285.78,2236.21,2251.36,36979545
2021-01-06,2186.57,2193.74,2160.73,2191.27,43032760
2021-01-07,2207.19,2227.56,2218.89,2219.1,30285442
2021-01-08,2287.33,2266.13,2264.86,2265.52,16430515
2021-01-11,2256.01,2254.02,2237.23,2247.15,36432305
2021-01-12,2318.95,2318.18,2294.44,2304.94,15381577
2021-01-13,2267.8,2292.71,2220.88,2281.76,42718565
2021-01-14,2299.62,2300.27,2285.66,2297.54,10042252
2021-01-15,2293.62,2308.34,2261.8,2287.66,26020261
2021-01-18,2280.89,2278.62,2270.52,2277.81,14895435
2021-01-19,2244.3,2264.42,2252.18,2257.4,21572205
2021-01-20,2294.0,2290.31,2281.45,2281.73,26247024
2021-01-21,2312.87,2317.4,2273.03,2311.47,23337021
2021-01-22,2298.9,2343.57,2304.2,2309.93,38328376
2021-01-25,2242.5,2267.65,2243.31,2263.5,25265406
2021-01-27,2284.78,2320.1,2252.19,2277.87,25945401
2021-01-28,2321.06,2312.89,2279.78,2292.97,49447428
2021-01-29,2274.59,2309.71,2261.77,2286.2,7710499
2021-02-01,2352.92,2351.95,2327.23,2350.92,8441509
2021-02-02,2309.23,2307.56,2283.18,2296.48,16695460
2021-02-03,2206.69,2244.25,2218.71,2220.79,42222556
2021-02-04,2191.84,2199.57,2161.52,2197.11,36882109
2021-02-05,2211.63,2247.01,2204.24,2221.18,13103690
2021-02-08,2197.44,2193.48,2176.31,2186.67,30738274
2021-02-09,2169.43,2156.55,2149.18,2155.15,49021502
2021-02-10,2188.28,2204.21,2185.34,2186.54,42451286
2021-02-11,2193.1,2208.38,2175.27,2202.37,36976340
2021-02-12,2210.58,2243.35,2213.26,2215.48,38572004
2021-02-15,2235.05,2243.89,2241.85,2242.12,16932699
2021-02-16,2217.6,2255.45,2200.35,2228.49,34635867
2021-02-17,2215.36,2217.15,2204.82,2216.49,5591145
2021-02-18,2250.53,2293.3,2229.46,2244.08,29918490
2021-02-19,2204.87,2206.31,2195.99,2199.48,17306407
2021-02-22,2129.36,2132.83,2112.37,2129.45,29255060
2021-02-23,2116.85,2147.22,2116.23,2116.25,26004232
2021-02-24,2145.55,2175.26,2134.55,2146.43,47997084
2021-02-25,2141.32,2172.11,2131.96,2155.3,16399803
2021-02-26,2185.41,2196.45,2157.9,2183.66,43402492
2021-03-01,2112.1,2133.66,2113.28,2118.28,8420576
2021-03-02,2114.6,2129.55,2112.13,2128.94,37047542
2021-03-03,2154.45,2161.54,2144.98,2150.46,26561508
2021-03-04,2101.08,2109.22,2087.61,2107.53,42099054
2021-03-05,2137.84,2138.87,2131.7,2135.41,38683875
2021-03-08,2141.52,2152.95,2126.65,2132.48,11618482
2021-03-09,2220.76,2240.49,2218.37,2231.36,46082523
2021-03-10,2160.15,2166.81,2121.06,2159.16,37869654
2021-03-12,2184.2,2204.89,2191.21,2204.15,7912337
2021-03-15,2208.57,2193.22,2179.06,2191.78,19528630
2021-03-16,2124.73,2172.43,2118.95,2139.27,13787580
2021-03-17,2117.54,2135.42,2104.08,2123.0,21237870
2021-03-18,2146.75,2147.02,2128.61,2132.48,24459286
2021-03-19,2163.76,2169.18,2164.08,2166.3,35564379
2021-03-22,2209.6,2226.82,2204.36,2222.91,41415464
2021-03-23,2279.08,2278.81,2260.16,2270.98,43900209
2021-03-24,2246.51,2252.71,2236.61,2238.78,39372120
2021-03-25,2270.19,2279.41,2267.29,2277.4,35703809
2021-03-26,2285.44,2295.53,2257.49,2291.45,46378383
2021-03-30,2264.7,2272.56,2265.15,2269.64,27202809
2021-03-31,2260.77,2263.44,2253.51,2263.11,38187649
2021-04-01,2218.49,2292.34,2211.47,2239.69,6602595
2021-04-05,2239.58,2253.56,2219.49,2241.61,24260709
2021-04-06,2237.53,2229.74,2213.27,2217.75,44995405
2021-04-07,2174.43,2196.34,2178.28,2184.21,42731214
2021-04-08,2194.15,2211.05,2183.13,2200.57,48839060
2021-04-09,2208.83,2227.16,2211.78,2221.98,49505227
2021-04-12,2223.17,2235.65,2183.83,2216.39,46051506
2021-04-13,2276.14,2271.43,2237.6,2262.53,48185578
2021-04-15,2267.67,2263.46,2230.93,2254.37,15366048
2021-04-16,2230.8,2250.47,2235.07,2244.81,18097656
2021-04-19,2273.39,2280.69,2267.09,2267.72,18450739
2021-04-20,2280.13,2297.55,2240.54,2263.9,23292143
2021-04-21,2273.23,2280.27,2253.08,2267.45,27198353
2021-04-22,2187.63,2185.38,2181.34,2182.41,36919915
2021-04-23,2178.46,2204.09,2153.94,2183.61,33134579
2021-04-26,2126.76,2154.14,2091.47,2124.42,20907713
2021-04-27,2099.05,2091.29,2076.2,2086.15,23165596
2021-04-28,2048.35,2056.34,2015.79,2044.99,38770438
2021-04-29,2001.05,2034.27,2009.94,2013.62,26458334
2021-04-30,1993.09,2006.4,1981.49,1997.65,23842728
2021-05-03,1995.66,1995.31,1971.82,1983.67,45934097
2021-05-04,2007.28,2014.24,1993.38,2004.03,35685255
2021-05-05,2012.52,2030.93,1985.76,2011.32,16683488
2021-05-06,1949.16,1960.05,1946.6,1954.57,24143919
2021-05-07,1969.22,1985.76,1936.57,1957.59,24402876
2021-05-10,1983.88,1968.63,1957.11,1967.53,32718666
2021-05-11,1970.79,1974.3,1945.83,1958.42,5339411
2021-05-12,1971.34,1968.55,1949.0,1957.22,10102998
2021-05-14,1959.87,1968.12,1954.41,1963.39,21198572
2021-05-17,1981.53,1991.89,1966.98,1986.5,42771290
2021-05-18,1938.65,1942.37,1920.93,1940.17,37047415
2021-05-19,1934.01,1944.52,1910.46,1933.64,33928381
2021-05-20,1992.12,1983.79,1940.94,1977.97,16953913
2021-05-21,2032.37,2026.99,2017.72,2020.59,15304719
2021-05-24,2052.5,2047.23,2042.85,2046.99,10501223
2021-05-25,2049.32,2079.54,2052.66,2064.09,33557713
2021-05-27,2098.08,2119.13,2107.65,2115.94,48996594
2021-05-28,2180.06,2178.81,2160.72,2177.44,24711548
2021-05-31,2183.45,2180.39,2168.67,2173.88,20925369
2021-06-01,2142.07,2145.7,2113.08,2142.92,46452270
2021-06-02,2155.32,2148.26,2129.3,2134.88,23619158
2021-06-03,2222.59,2250.46,2229.98,2234.68,32075619
2021-06-04,2169.56,2196.3,2178.71,2182.75,9552229
2021-06-07,2160.8,2186.79,2159.94,2168.0,26049415
2021-06-08,2115.26,2128.13,2118.84,2122.71,26901879
2021-06-09,2132.92,2144.6,2105.46,2127.32,11409382
2021-06-10,2085.17,2095.48,2084.36,2089.58,18911260
2021-06-11,2070.64,2100.63,2080.54,2086.79,21682194
2021-06-14,2035.41,2035.96,2016.96,2026.38,15881251
2021-06-15,2027.76,2062.96,2045.23,2045.76,6003232
2021-06-16,2072.72,2110.47,2067.85,2083.88,27143428
2021-06-17,2055.69,2094.28,2053.69,2072.51,45370941
2021-06-18,2071.07,2087.75,2025.64,2068.93,26942758
2021-06-21,2066.4,2076.82,2035.62,2064.48,13472025
2021-06-22,2090.54,2087.26,2061.49,2070.7,49543850
2021-06-23,2079.59,2091.95,2068.2,2070.13,20445652
2021-06-24,2109.71,2131.59,2083.43,2094.61,9682557
2021-06-25,2137.06,2162.77,2084.88,2133.98,39854804
2021-06-28,2098.26,2126.86,2096.27,2108.56,43441930
2021-06-29,2100.75,2112.39,2087.39,2099.41,16370985
2021-06-30,2134.73,2137.17,2112.39,2128.43,48280759
2021-07-01,2091.01,2096.63,2072.97,2083.68,43382816
2021-07-02,2017.93,2031.99,2020.15,2022.71,36718976
2021-07-05,2035.14,2062.46,2009.0,2030.18,27946895
2021-07-06,2036.37,2047.84,2040.53,2045.91,33171908
2021-07-07,2013.79,2044.06,2006.78,2024.35,10633709
2021-07-08,1996.19,2011.46,2001.21,2007.39,13775231
2021-07-09,1985.34,2004.21,1971.11,1985.1,16902248
2021-07-12,1948.34,1984.82,1944.11,1959.88,14100897
2021-07-13,1976.65,1991.32,1963.99,1980.86,35438571
2021-07-14,1955.17,1954.05,1936.12,1946.38,48117656
2021-07-15,1929.23,1946.51,1927.69,1939.21,32386081
2021-07-16,1908.64,1922.88,1897.65,1913.46,13394894
2021-07-19,1872.93,1900.87,1861.57,1872.26,36306435
2021-07-20,1899.6,1906.34,1892.28,1897.26,43430386
2021-07-22,1878.34,1902.61,1868.54,1883.04,40786805
2021-07-23,1896.35,1902.76,1881.17,1888.92,16640296
2021-07-26,1852.21,1869.59,1835.63,1846.76,29636236
2021-07-27,1837.17,1838.5,1825.65,1826.76,18175081
2021-07-28,1847.28,1872.37,1846.18,1848.03,8298733
2021-07-29,1915.38,1939.03,1906.18,1920.3,10448258
2021-07-30,1857.6,1877.45,1847.49,1863.96,31494626
2021-08-02,1861.74,1875.3,1848.77,1858.89,38041007
2021-08-03,1867.41,1874.66,1840.46,1870.94,9987720
2021-08-04,1848.94,1869.62,1848.1,1854.22,26885133
2021-08-05,1874.19,1889.03,1859.87,1878.4,39658197
2021-08-06,1848.2,1859.79,1847.59,1854.54,13193468
2021-08-09,1861.23,1895.51,1846.16,1859.38,7749092
2021-08-10,1832.35,1869.63,1832.06,1845.38,5496056
2021-08-11,1882.53,1880.34,1865.36,1879.68,30793763
2021-08-12,1867.48,1880.43,1855.41,1861.18,11309623
2021-08-13,1846.53,1866.98,1831.5,1851.91,20738707
2021-08-16,1896.8,1893.64,1873.05,1878.74,6759718
2021-08-17,1850.49,1859.23,1824.97,1850.33,14237027
2021-08-18,1838.33,1873.35,1828.78,1852.79,27547610
2021-08-20,1800.17,1812.55,1797.68,1802.7,36403664
2021-08-23,1774.38,1778.03,1769.8,1773.82,9613081
2021-08-24,1788.53,1790.61,1771.15,1784.52,33162984
2021-08-25,1756.28,1768.32,1750.39,1758.54,5036738
2021-08-26,1735.88,1760.43,1723.9,1744.7,23688018
2021-08-27,1748.5,1768.22,1748.93,1758.13,49941736
2021-08-30,1737.68,1744.97,1715.5,1743.38,13158119
2021-08-31,1760.5,1774.04,1743.41,1765.42,8508281
2021-09-01,1761.61,1772.41,1768.38,1771.66,5805286
2021-09-02,1777.23,1793.74,1752.85,1783.77,18031174
2021-09-03,1823.5,1841.56,1805.84,1817.51,40569187
2021-09-06,1841.84,1842.99,1820.23,1826.78,16488978
2021-09-07,1876.55,1886.53,1860.72,1869.49,26178003
2021-09-08,1907.98,1900.26,1879.73,1895.6,10155941
2021-09-09,1890.45,1900.01,1873.42,1881.29,49338251
2021-09-10,1926.34,1923.38,1917.25,1918.35,10058525
2021-09-13,1923.26,1931.74,1905.87,1926.51,30415635
2021-09-14,1917.04,1933.78,1892.44,1915.69,38541699
2021-09-15,1920.21,1940.33,1909.5,1924.26,27048833
2021-09-16,1954.8,1971.68,1928.43,1956.94,6815342
2021-09-17,1971.56,1980.18,1935.99,1970.89,38693405
2021-09-20,2032.59,2033.38,2022.04,2025.36,10325974
2021-09-21,2063.33,2074.85,2056.52,2058.97,43226821
2021-09-22,2074.07,2093.18,2070.17,2075.75,14663253
2021-09-23,2044.99,2048.82,2029.14,2044.42,10625828
2021-09-24,2043.94,2040.22,2017.08,2039.52,18532227
2021-09-27,2049.15,2042.37,2011.72,2042.33,32099370
2021-09-28,2048.6,2072.84,2049.53,2064.28,34062858
2021-09-29,2073.41,2094.31,2083.26,2084.64,43395624
2021-09-30,2102.13,2108.6,2083.04,2090.56,47308258
2021-10-01,2094.32,2103.05,2087.92,2094.96,20597514
2021-10-04,2113.74,2129.55,2098.13,2118.23,18690977
2021-10-05,2088.83,2107.8,2069.64,2091.59,23912264
2021-10-06,2142.58,2149.26,2137.4,2145.41,23576286
2021-10-07,2085.97,2097.78,2068.05,2080.17,45300023
2021-10-08,2114.43,2130.26,2123.79,2126.21,41478943
2021-10-11,2125.67,2132.4,2110.22,2125.41,47961322
2021-10-12,2160.67,2175.43,2155.46,2158.01,35309962
2021-10-13,2174.73,2176.84,2149.3,2170.43,29291890
2021-10-14,2184.78,2187.17,2155.77,2182.35,12361217
2021-10-18,2206.83,2226.01,2195.01,2201.15,34304599
2021-10-19,2222.14,2237.58,2227.24,2228.52,29319213
2021-10-20,2207.75,2247.71,2170.78,2218.2,38017755
2021-10-21,2280.97,2275.99,2233.71,2253.29,10195138
2021-10-22,2213.98,2233.06,2202.89,2217.32,30498268
2021-10-25,2215.75,2235.36,2200.98,2217.8,47108217
2021-10-26,2253.89,2273.69,2233.58,2246.28,25583724
2021-10-27,2298.68,2308.44,2265.56,2280.48,13077429
2021-10-28,2290.68,2315.09,2281.91,2296.93,16257905
2021-10-29,2272.65,2301.74,2254.5,2284.06,27120213
2021-11-01,2301.09,2321.08,2277.1,2315.47,33847284
2021-11-02,2311.17,2308.27,2286.28,2292.91,42839390
2021-11-03,2341.62,2360.47,2326.58,2353.84,18807087
2021-11-04,2351.24,2382.88,2325.04,2351.56,24995567
2021-11-08,2286.72,2322.64,2287.41,2297.95,14823477
2021-11-09,2241.11,2262.58,2241.64,2257.46,29519257
2021-11-10,2256.32,2282.96,2245.36,2259.62,17750366
2021-11-11,2254.42,2287.36,2244.95,2265.04,23304229
2021-11-12,2324.57,2352.84,2309.48,2332.64,40430787
2021-11-15,2320.04,2306.09,2257.89,2297.0,40258274
2021-11-16,2303.93,2322.67,2290.77,2299.05,43063712
2021-11-17,2273.74,2292.66,2253.61,2263.2,13611394
2021-11-18,2256.43,2267.07,2233.72,2247.16,44270079
2021-11-22,2303.43,2308.49,2294.26,2304.59,41702856
2021-11-23,2261.02,2266.62,2234.63,2266.0,14338285
2021-11-24,2289.49,2294.68,2254.61,2286.64,23886994
2021-11-25,2302.74,2304.38,2289.14,2300.8,19858423
2021-11-26,2294.11,2315.23,2291.67,2300.65,30219127
2021-11-29,2320.78,2326.92,2316.73,2319.27,24872722
2021-11-30,2271.56,2315.37,2263.56,2279.61,8452665
2021-12-01,2334.93,2386.89,2323.02,2336.93,9949273
2021-12-02,2401.08,2435.18,2392.02,2405.11,8570235
2021-12-03,2392.26,2416.74,2405.89,2407.53,13172671
2021-12-06,2466.41,2502.49,2472.24,2495.75,29254078
2021-12-07,2469.91,2497.41,2473.12,2481.56,27084591
2021-12-08,2519.74,2511.84,2480.47,2497.21,16173371
2021-12-09,2547.65,2562.89,2524.51,2551.6,12067863
2021-12-10,2544.63,2578.42,2528.18,2534.8,39045017
2021-12-13,2456.65,2518.91,2478.07,2483.03,44005103
2021-12-14,2411.52,2438.21,2420.6,2423.74,19891752
2021-12-15,2482.46,2518.6,2493.89,2499.39,5838206
2021-12-16,2477.8,2498.03,2468.78,2480.31,39939767
2021-12-17,2504.1,2478.86,2416.86,2474.14,30053058
2021-12-20,2439.19,2475.51,2410.37,2433.59,27747270
2021-12-21,2489.87,2474.61,2433.49,2468.94,14363379
2021-12-22,2437.62,2457.17,2428.77,2440.73,26532605
2021-12-23,2440.02,2439.15,2402.8,2423.48,30146369
2021-12-24,2460.34,2439.98,2432.43,2435.1,34927563
2021-12-27,2395.65,2406.52,2393.36,2396.96,13890671
2021-12-28,2384.81,2391.92,2372.22,2391.26,17510667
2021-12-29,2426.18,2443.88,2441.2,2442.27,20535924
2021-12-30,2454.89,2495.59,2443.1,2458.69,6132233
2021-12-31,2465.26,2494.22,2438.26,2464.25,45360872
2022-01-03,2498.04,2492.38,2455.8,2472.93,44872372
2022-01-04,2443.31,2477.97,2447.44,2459.23,47640730
2022-01-05,2534.37,2540.27,2512.11,2533.61,13447929
2022-01-06,2480.79,2505.67,2484.11,2503.5,30660739
2022-01-07,2506.81,2541.49,2475.22,2512.17,45995222
2022-01-10,2521.18,2522.69,2482.15,2517.26,22841620
2022-01-11,2562.66,2567.69,2541.6,2556.11,44710883
2022-01-12,2606.82,2604.88,2559.46,2599.17,22830749
2022-01-13,2603.86,2603.51,2582.27,2598.7,25045782
2022-01-14,2618.39,2617.28,2578.21,2610.81,21881812
2022-01-17,2625.06,2665.04,2607.0,2624.46,45335943
2022-01-18,2522.51,2540.87,2524.72,2535.8,11941798
2022-01-19,2453.2,2499.14,2465.84,2476.12,43724790
2022-01-20,2447.68,2531.8,2452.41,2454.39,40336716
2022-01-21,2432.81,2457.9,2424.44,2434.45,36925627
2022-01-24,2406.38,2399.48,2367.45,2391.39,24386005
2022-01-25,2417.77,2430.04,2410.16,2418.99,27821911
2022-01-27,2417.42,2459.44,2388.6,2419.8,41184764
2022-01-28,2417.38,2438.86,2409.7,2412.73,17348548
2022-01-31,2364.79,2379.83,2359.32,2367.99,34742073
2022-02-01,2376.71,2393.77,2342.49,2367.12,22976253
2022-02-02,2297.08,2280.37,2269.15,2274.57,44055346
2022-02-03,2294.55,2270.31,2265.82,2269.69,33803082
2022-02-04,2273.62,2291.97,2266.95,2272.52,33251237
2022-02-07,2285.29,2301.11,2265.12,2281.45,45921098
2022-02-08,2246.2,2240.44,2219.93,2228.61,30345135
2022-02-09,2235.11,2237.13,2213.22,2236.79,35281309
2022-02-10,2210.0,2207.33,2187.94,2202.52,12252739
2022-02-11,2163.99,2193.03,2172.11,2176.34,5091084
2022-02-14,2197.01,2223.01,2169.77,2200.43,32729062
2022-02-15,2280.68,2282.27,2253.33,2267.57,7797264
2022-02-16,2261.84,2280.32,2250.43,2269.99,26879500
2022-02-17,2241.41,2262.51,2217.42,2242.85,8914281
2022-02-18,2232.16,2255.89,2185.02,2249.87,22367324
2022-02-21,2305.13,2286.07,2281.48,2282.24,7725314
2022-02-22,2318.73,2315.06,2278.0,2304.18,42312099
2022-02-23,2401.94,2415.49,2380.24,2399.68,25007299
2022-02-24,2380.68,2398.6,2355.73,2374.65,17623203
2022-02-25,2389.07,2394.51,2350.51,2384.35,5471464
2022-02-28,2457.35,2462.58,2432.27,2440.46,35770181
2022-03-01,2489.13,2509.46,2485.64,2495.6,47892841
2022-03-03,2432.22,2451.43,2417.15,2423.35,49463999
2022-03-04,2437.01,2449.27,2420.41,2423.95,9086200
2022-03-07,2493.72,2499.73,2472.34,2478.66,13675227
2022-03-08,2557.66,2595.48,2554.54,2586.88,16291542
2022-03-09,2607.12,2642.92,2604.96,2614.96,40987019
2022-03-10,2588.06,2641.67,2594.98,2601.32,43532958
2022-03-11,2564.64,2586.0,2559.15,2562.72,24216251
2022-03-14,2622.08,2662.39,2643.94,2648.78,18439039
2022-03-15,2651.13,2705.78,2637.52,2678.53,38900985
2022-03-16,2673.96,2652.46,2632.98,2645.26,11018322
2022-03-17,2646.14,2679.07,2623.48,2637.99,39049239
2022-03-21,2652.65,2652.09,2620.56,2651.05,17611424
2022-03-22,2678.33,2680.8,2648.78,2673.47,31232803
2022-03-23,2640.13,2658.17,2613.73,2638.2,6615847
2022-03-24,2627.72,2659.93,2614.05,2614.68,41486735
2022-03-25,2542.57,2561.69,2508.29,2550.64,40984577
2022-03-28,2593.61,2595.92,2581.97,2591.19,20317703
2022-03-29,2581.62,2605.86,2542.88,2578.69,34829132
2022-03-30,2583.9,2601.28,2569.05,2597.5,38493213
2022-03-31,2670.63,2654.71,2637.36,2653.69,14164480
2022-04-04,2657.31,2669.24,2628.02,2663.24,31502000
2022-04-05,2673.06,2665.38,2635.84,2659.53,23056006
2022-04-06,2669.59,2675.97,2654.26,2668.06,14364207
2022-04-07,2693.21,2683.21,2648.48,2671.39,18639949
2022-04-08,2707.96,2736.14,2717.92,2722.13,28663323
2022-04-11,2720.79,2752.4,2733.34,2735.63,16088487
2022-04-12,2701.83,2727.35,2706.6,2714.12,41588975
2022-04-13,2759.43,2788.5,2740.46,2757.59,27769528
2022-04-15,2830.96,2845.05,2792.54,2809.31,44139392
2022-04-18,2775.69,2760.31,2747.91,2753.76,49825637
2022-04-19,2785.35,2839.06,2810.23,2817.9,5705824
2022-04-20,2837.7,2853.91,2818.02,2834.16,23595735
2022-04-21,2801.31,2901.3,2842.84,2847.05,24740526
2022-04-22,2902.39,2896.57,2872.01,2890.9,22385708
2022-04-25,2883.21,2892.46,2865.84,2867.18,17090493
2022-04-26,2908.48,2912.42,2907.08,2909.07,36191124
2022-04-27,2894.73,2903.18,2887.45,2893.51,31131180
2022-04-28,2831.4,2843.76,2790.37,2830.36,14877891
2022-04-29,2777.91,2789.28,2785.9,2788.85,39454432
2022-05-03,2819.47,2856.07,2790.79,2813.4,27658934
2022-05-04,2771.14,2795.81,2769.25,2774.35,15533129
2022-05-05,2855.4,2842.31,2836.76,2842.18,28972600
2022-05-06,2892.1,2895.83,2890.98,2893.74,7620620
2022-05-09,2939.78,2985.69,2951.1,2952.49,38583343
2022-05-10,2936.18,2995.27,2952.28,2958.9,49281502
2022-05-11,2943.54,2972.57,2948.43,2971.23,13630659
2022-05-12,2938.08,2951.7,2884.7,2918.92,24143033
2022-05-13,2956.61,3002.95,2947.88,2963.39,19719187
2022-05-17,2986.22,2991.79,2959.75,2981.17,15931847
2022-05-18,3034.24,3019.18,2989.49,3007.43,46188122
2022-05-19,3075.82,3106.18,3080.68,3084.5,21814755
2022-05-20,3047.79,3074.59,3038.61,3057.38,25492458
2022-05-23,3050.5,3052.86,3035.1,3052.52,32702423
2022-05-24,3068.84,3086.07,3049.06,3068.39,14414759
2022-05-25,3054.82,3027.97,3005.45,3026.26,19814595
2022-05-26,3042.28,3027.84,2992.16,3018.65,24679603
2022-05-27,3051.31,3045.95,3032.41,3041.87,26827712
2022-05-30,3049.88,3049.21,3027.52,3027.94,17540123
2022-05-31,3085.55,3109.03,3082.32,3088.3,12131607
2022-06-01,3023.75,3050.35,2973.9,3019.23,33425179
2022-06-02,3066.36,3091.58,3028.69,3070.99,20322564
2022-06-03,3082.35,3108.29,3095.57,3102.37,31057311
2022-06-06,3095.35,3087.5,3072.58,3076.83,33645469
2022-06-07,3043.16,3044.51,3004.87,3035.09,43447209
2022-06-08,2941.56,2961.94,2886.11,2941.29,23921295
2022-06-09,2907.05,2907.2,2895.19,2907.09,37675015
2022-06-10,2931.38,2970.1,2944.47,2953.62,49189515
2022-06-13,2937.6,2969.17,2944.09,2952.03,18469023
2022-06-14,3009.46,3005.3,3000.24,3004.41,22431832
2022-06-15,2969.49,2993.5,2942.9,2977.37,22145794
2022-06-16,3006.57,3014.89,2993.63,3009.85,35160410
2022-06-17,2976.8,2991.45,2955.53,2978.36,22386740
2022-06-20,2926.09,2953.48,2935.0,2936.11,45138613
2022-06-21,2918.09,2948.23,2899.45,2932.28,19313401
2022-06-22,2880.5,2915.6,2855.6,2903.91,9141357
2022-06-23,2835.5,2839.78,2802.86,2837.58,43475516
2022-06-24,2839.43,2840.37,2822.52,2830.67,13204461
2022-06-27,2812.73,2841.97,2835.32,2836.04,31393376
2022-06-28,2890.49,2900.43,2885.98,2890.84,41154574
2022-06-29,2936.45,2958.76,2923.68,2932.33,8488829
2022-06-30,2972.09,3010.14,2938.8,2986.87,24720510
2022-07-01,3041.51,3024.56,3000.16,3020.04,18624119
2022-07-04,3030.16,3070.14,3013.48,3036.02,49045416
2022-07-05,2979.45,2989.23,2980.91,2980.96,5177390
2022-07-06,2986.15,3028.72,2987.1,2988.56,6873357
2022-07-07,2989.5,3034.22,2987.82,3016.21,42023870
2022-07-11,3098.6,3101.96,3046.98,3083.05,14970907
2022-07-12,3100.82,3135.26,3109.74,3115.71,35205544
2022-07-13,3170.87,3175.35,3154.32,3174.62,10728160
2022-07-14,3135.77,3148.44,3117.33,3126.43,15590155
2022-07-15,3134.79,3131.99,3111.87,3112.06,10540425
2022-07-18,3116.11,3171.38,3127.91,3133.03,33023430
2022-07-19,3181.41,3225.15,3170.98,3188.53,40327405
2022-07-20,3204.54,3185.66,3174.75,3182.54,11693437
2022-07-21,3186.93,3192.68,3164.79,3179.56,8726414
2022-07-22,3224.07,3248.47,3190.12,3213.29,34243253
2022-07-25,3143.38,3177.55,3157.58,3159.99,5430035
2022-07-26,3230.98,3243.05,3203.51,3237.12,13180801
2022-07-27,3192.73,3229.97,3176.92,3195.41,31409794
2022-07-28,3091.09,3125.18,3024.96,3104.41,28969635
2022-07-29,3079.81,3126.41,3093.52,3105.81,12265487
2022-08-01,3177.73,3199.13,3184.9,3185.86,47808540
2022-08-02,3236.61,3215.86,3211.34,3214.84,30430251
2022-08-03,3252.99,3277.88,3200.51,3252.03,41606840
2022-08-04,3277.39,3273.88,3240.05,3255.02,34835875
2022-08-05,3251.47,3256.08,3234.77,3248.56,43108139
2022-08-09,3162.11,3210.39,3132.52,3174.25,25952166
2022-08-10,3087.23,3070.84,3058.68,3067.63,5517555
2022-08-11,3080.85,3090.9,3065.6,3077.58,41739765
2022-08-12,3154.19,3163.83,3119.35,3139.09,38512386
2022-08-16,3139.38,3191.55,3136.04,3156.24,31523044
2022-08-17,3203.26,3220.27,3140.61,3186.71,47082827
2022-08-18,3280.81,3307.63,3230.06,3263.37,25286969
2022-08-19,3285.19,3291.2,3257.5,3280.44,41780435
2022-08-22,3262.18,3302.59,3271.65,3275.39,17212566
2022-08-23,3235.42,3244.65,3223.05,3236.16,30067093
2022-08-24,3345.48,3336.56,3335.15,3335.29,42367110
2022-08-25,3366.58,3369.92,3331.24,3362.64,26890047
2022-08-26,3326.02,3316.63,3315.94,3316.05,8957057
2022-08-29,3275.28,3266.12,3244.7,3258.79,41543555
2022-08-30,3310.25,3323.43,3298.53,3321.02,28392435
2022-08-31,3251.45,3277.28,3254.15,3270.34,42353128
2022-09-01,3361.63,3374.65,3352.74,3362.26,43527425
2022-09-02,3218.93,3232.97,3175.43,3224.25,21057604
2022-09-05,3306.95,3309.19,3256.33,3294.01,27529660
2022-09-06,3301.23,3369.97,3303.58,3319.06,37675049
2022-09-07,3342.93,3364.91,3321.93,3325.96,11751111
2022-09-08,3340.66,3332.94,3281.01,3318.2,35663292
2022-09-09,3413.32,3449.5,3391.61,3413.31,17691297
2022-09-12,3451.58,3472.57,3387.22,3450.53,37331642
2022-09-13,3391.75,3409.76,3376.11,3404.82,42877812
2022-09-14,3309.05,3358.01,3309.07,3318.05,41284235
2022-09-15,3321.08,3334.85,3280.3,3327.87,7009555
2022-09-16,3352.84,3337.74,3304.92,3328.82,8701375
2022-09-19,3252.76,3283.43,3235.71,3253.93,8965340
2022-09-20,3230.7,3290.87,3245.54,3252.2,11814733
2022-09-21,3229.3,3237.89,3217.76,3225.18,17219908
2022-09-22,3239.92,3234.97,3219.13,3226.59,38001209
2022-09-23,3262.28,3293.16,3241.15,3262.69,29168815
2022-09-26,3361.23,3356.63,3329.64,3336.72,29857114
2022-09-27,3396.36,3414.64,3372.8,3383.21,20619523
2022-09-28,3330.06,3371.13,3311.49,3347.62,22543682
2022-09-29,3357.87,3371.75,3339.56,3367.15,15262941
2022-09-30,3375.15,3376.46,3353.23,3371.34,36271139
2022-10-03,3277.46,3318.38,3276.25,3304.99,30352328
2022-10-04,3331.31,3348.5,3320.05,3325.72,34568768
2022-10-05,3389.22,3421.8,3398.36,3419.34,35227222
2022-10-06,3439.54,3426.65,3407.63,3422.03,23156354
2022-10-07,3356.39,3347.38,3334.32,3341.23,38992351
2022-10-10,3352.19,3345.87,3335.02,3343.75,25706764
2022-10-11,3272.77,3292.92,3223.14,3283.87,5413725
2022-10-12,3330.23,3385.74,3325.41,3327.4,11785995
2022-10-13,3345.98,3423.33,3338.01,3354.59,24989244
2022-10-14,3329.75,3364.12,3295.01,3347.0,31628135
2022-10-17,3325.74,3393.16,3308.44,3331.38,31933434
2022-10-18,3333.37,3337.59,3292.89,3321.77,40203390
2022-10-19,3323.91,3328.13,3297.81,3323.18,37390959
2022-10-20,3309.51,3313.57,3274.76,3285.68,46217250
2022-10-21,3230.59,3225.6,3191.61,3218.27,39269915
2022-10-25,3284.99,3275.75,3265.18,3274.21,43925179
2022-10-26,3230.06,3285.67,3250.36,3256.26,14595203
2022-10-27,3260.74,3298.54,3248.92,3265.4,24019654
2022-10-28,3262.89,3316.74,3251.13,3280.35,36061034
2022-10-31,3294.16,3318.72,3242.55,3297.18,45180367
2022-11-01,3228.89,3242.86,3236.62,3240.12,44744172
2022-11-02,3153.67,3162.13,3135.9,3159.64,28512104
2022-11-03,3149.31,3138.35,3124.08,3132.69,11604098
2022-11-04,3159.71,3163.17,3133.17,3152.22,19424917
2022-11-07,3134.45,3143.6,3089.69,3118.75,32993246
2022-11-08,3078.24,3145.85,3090.96,3103.08,14211940
2022-11-09,3203.96,3217.86,3192.9,3203.03,20804791
2022-11-10,3130.38,3136.56,3085.1,3115.32,10797761
2022-11-11,3104.18,3084.61,3060.81,3080.98,31401045
2022-11-14,3145.02,3171.46,3117.99,3169.55,49548344
2022-11-15,3162.81,3181.42,3155.75,3168.38,34094580
2022-11-16,3152.0,3145.52,3110.44,3135.78,12948412
2022-11-17,3188.63,3244.05,3151.26,3191.7,14930039
2022-11-18,3180.75,3207.1,3165.22,3195.3,15914003
2022-11-21,3154.92,3189.35,3175.59,3179.56,13329687
2022-11-22,3174.56,3249.78,3186.73,3189.69,17745452
2022-11-23,3132.48,3173.95,3144.14,3159.16,16870707
2022-11-25,3112.8,3115.5,3081.3,3111.89,26201706
2022-11-28,3121.45,3131.01,3099.44,3107.52,44834488
2022-11-29,3042.03,3063.34,3032.06,3061.33,31238340
2022-11-30,3066.69,3081.86,3033.51,3062.74,29678017
2022-12-01,3092.96,3105.73,3043.55,3079.94,26827192
2022-12-02,3120.23,3123.95,3093.62,3120.27,8221442
2022-12-05,3148.44,3197.75,3152.43,3174.0,44280239
2022-12-06,3161.73,3176.86,3146.22,3155.64,6263059
2022-12-07,3179.35,3184.79,3151.09,3180.22,32147720
2022-12-08,3202.16,3229.1,3191.93,3204.67,10495941
2022-12-09,3212.58,3250.97,3207.35,3221.39,39487556
2022-12-12,3200.58,3208.63,3199.01,3199.19,41985148
2022-12-13,3158.84,3170.3,3122.62,3150.81,35004023
2022-12-14,3213.45,3186.25,3139.02,3175.49,18794149
2022-12-15,3096.88,3126.31,3065.85,3095.14,14620342
2022-12-16,3106.93,3084.66,3052.64,3083.63,44940364
2022-12-19,2971.75,2995.59,2935.48,2966.44,7393881
2022-12-20,2906.41,2934.05,2886.94,2907.86,43935615
2022-12-21,2872.61,2880.32,2845.12,2870.48,24204925
2022-12-22,2900.73,2948.52,2905.48,2918.56,33933583
2022-12-23,2954.07,2959.73,2936.7,2949.56,23599854
2022-12-26,2896.8,2936.91,2925.68,2925.94,13097783
2022-12-27,2946.07,2969.4,2925.59,2958.83,35720237
2022-12-28,3000.76,3001.63,2953.33,2999.11,20845450
2022-12-29,3010.65,3010.81,2986.57,2992.78,43130163
2022-12-30,2952.5,2957.43,2869.16,2931.53,47214921
2023-01-02,2919.81,2926.55,2916.32,2923.27,32111691
2023-01-03,2922.12,2930.02,2898.02,2919.85,5303046
2023-01-04,2880.86,2906.31,2861.6,2866.75,5575063
2023-01-05,2864.22,2939.31,2866.63,2883.39,43448782
2023-01-06,2902.22,2929.67,2888.09,2896.36,48113530
2023-01-09,2904.49,2927.77,2887.75,2916.56,11926141
2023-01-10,2927.12,2943.15,2908.87,2929.64,13831698
2023-01-11,2955.79,3018.1,2954.98,2962.59,27152263
2023-01-12,2961.94,2993.17,2930.32,2955.51,38771251
2023-01-13,2973.51,2969.4,2947.18,2965.35,34687534
2023-01-16,2961.68,2980.63,2937.79,2948.54,49586545
2023-01-17,2928.67,2944.3,2916.48,2923.58,41388661
2023-01-18,2985.7,2995.16,2945.29,2983.14,28939807
2023-01-19,2919.39,2894.55,2891.62,2892.58,17968091
2023-01-20,2909.15,2950.67,2890.34,2931.49,49967783
2023-01-23,2929.71,2910.51,2890.05,2905.08,17326450
2023-01-24,2869.11,2884.15,2824.12,2873.27,48292489
2023-01-25,2893.65,2910.85,2868.97,2885.41,38378976
2023-01-27,2817.21,2836.5,2804.02,2821.8,28521348
2023-01-30,2778.32,2793.51,2763.98,2788.11,44656832
2023-01-31,2760.1,2795.01,2732.44,2753.43,43068278
2023-02-01,2759.41,2760.54,2701.12,2745.11,11307924
2023-02-02,2719.25,2755.25,2705.73,2712.83,36529900
2023-02-03,2771.26,2806.45,2764.06,2778.79,7141000
2023-02-06,2906.07,2856.62,2850.91,2854.53,6552975
2023-02-07,2785.4,2788.31,2761.79,2768.81,37656091
2023-02-08,2805.28,2792.95,2757.23,2792.25,16343783
2023-02-09,2824.06,2832.79,2806.09,2829.05,11882288
2023-02-10,2844.02,2861.86,2825.99,2852.94,42800252
2023-02-13,2821.68,2835.31,2822.87,2825.63,15501283
2023-02-14,2831.36,2818.08,2788.94,2816.13,13510064
2023-02-15,2771.57,2786.3,2750.1,2785.37,38801101
2023-02-16,2753.86,2794.82,2766.77,2768.65,29022383
2023-02-17,2726.57,2720.67,2712.38,2719.23,17031738
2023-02-20,2719.69,2749.43,2713.92,2715.36,28663191
2023-02-21,2644.74,2663.87,2652.96,2654.97,7847843
2023-02-22,2633.34,2674.0,2612.69,2647.79,6918071
2023-02-23,2617.69,2602.15,2566.72,2599.0,19642324
2023-02-24,2612.5,2622.75,2602.71,2607.84,36818952
2023-02-27,2564.44,2609.69,2558.01,2582.04,7584358
2023-02-28,2577.29,2596.96,2551.16,2594.07,28327746
2023-03-01,2632.17,2651.92,2587.84,2636.94,39967951
2023-03-02,2710.5,2714.1,2683.95,2700.6,36449155
2023-03-03,2606.73,2602.19,2586.13,2599.0,24035629
2023-03-06,2581.79,2598.75,2557.92,2567.26,42748917
2023-03-08,2537.31,2591.98,2546.38,2556.36,8813900
2023-03-09,2577.66,2588.6,2564.15,2574.78,28091388
2023-03-10,2529.72,2550.61,2500.83,2511.81,17331707
2023-03-13,2492.06,2494.9,2473.67,2475.56,38302360
2023-03-14,2485.59,2516.87,2479.47,2481.14,36662734
2023-03-15,2514.22,2494.71,2453.78,2485.05,39541158
2023-03-16,2507.49,2508.43,2483.48,2499.87,30523502
2023-03-17,2530.38,2519.52,2505.13,2517.26,20976688
2023-03-20,2531.36,2579.23,2516.99,2530.8,12497879
2023-03-21,2529.0,2560.99,2514.43,2538.91,21215376
2023-03-23,2530.67,2560.72,2494.08,2541.79,28028433
2023-03-24,2570.23,2592.49,2554.42,2567.9,20498115
2023-03-27,2479.78,2536.16,2452.76,2482.41,11353473
2023-03-28,2518.19,2562.26,2526.01,2540.66,26971969
2023-03-30,2444.81,2469.0,2446.91,2457.41,49765500
2023-03-31,2414.52,2419.82,2414.5,2418.37,34222396
2023-04-03,2419.64,2416.15,2372.04,2410.87,42703227
2023-04-04,2435.72,2464.8,2425.72,2435.92,29584559
2023-04-05,2326.37,2330.13,2307.86,2327.21,25058666
2023-04-06,2315.44,2328.25,2305.81,2326.92,10974620
2023-04-07,2355.55,2372.32,2351.18,2355.28,14848033
2023-04-10,2406.89,2401.42,2371.92,2391.12,8509159
2023-04-11,2368.67,2395.52,2335.13,2366.83,8926996
2023-04-12,2339.1,2359.22,2352.78,2356.86,44548701
2023-04-13,2321.16,2374.48,2317.62,2335.78,26752894
2023-04-17,2329.56,2355.06,2317.17,2322.72,46573655
2023-04-18,2284.9,2297.02,2266.6,2287.47,19610431
2023-04-19,2256.8,2285.59,2233.99,2257.64,29634283
2023-04-20,2266.07,2295.02,2256.52,2273.03,15129421
2023-04-24,2283.93,2293.29,2271.87,2278.2,35453901
2023-04-25,2292.23,2301.47,2286.13,2295.68,26687915
2023-04-26,2301.59,2308.66,2292.62,2303.74,22489697
2023-04-27,2318.86,2341.43,2301.04,2328.77,45092237
2023-04-28,2371.03,2402.21,2360.14,2360.15,16489752
2023-05-02,2296.66,2326.38,2280.33,2299.2,23314763
2023-05-03,2277.32,2275.61,2263.13,2270.42,30076919
2023-05-04,2249.71,2283.43,2254.55,2263.22,27024508
2023-05-05,2282.75,2268.11,2241.91,2263.13,28706003
2023-05-08,2255.37,2244.73,2223.7,2241.06,44631599
2023-05-09,2250.69,2278.26,2229.87,2272.39,43893481
2023-05-10,2331.18,2343.34,2324.93,2340.56,29852742
2023-05-11,2353.41,2369.49,2344.74,2347.8,20524686
2023-05-12,2335.96,2365.78,2345.53,2351.48,46036152
2023-05-15,2380.57,2401.14,2378.16,2382.14,35970440
2023-05-16,2321.13,2327.41,2302.09,2316.19,8079235
2023-05-17,2315.73,2329.9,2313.19,2317.87,44748054
2023-05-19,2358.95,2375.27,2331.18,2352.61,27818629
2023-05-22,2322.54,2360.19,2295.39,2330.62,8511003
2023-05-23,2262.76,2307.77,2284.42,2288.44,16085870
2023-05-24,2293.95,2288.66,2282.35,2282.74,46602105
2023-05-25,2292.48,2309.48,2270.93,2281.35,39471829
2023-05-26,2279.12,2276.24,2227.84,2250.94,49029975
2023-05-29,2296.76,2347.86,2317.01,2322.39,44896353
2023-05-30,2315.07,2318.81,2288.14,2306.41,48264830
2023-05-31,2244.87,2283.9,2264.67,2267.19,42645755
2023-06-01,2284.58,2270.71,2232.71,2264.69,42149074
2023-06-02,2301.81,2323.79,2284.25,2296.21,26095447
2023-06-05,2286.56,2306.96,2272.34,2297.5,43182654
2023-06-06,2323.95,2351.56,2291.31,2314.92,9503187
2023-06-07,2279.03,2299.72,2282.57,2285.35,8075681
2023-06-08,2340.55,2370.65,2311.33,2337.04,13934638
2023-06-09,2359.86,2366.18,2319.68,2357.43,34131034
2023-06-12,2416.08,2402.95,2384.99,2395.19,13166841
2023-06-13,2430.88,2427.7,2402.83,2409.02,28264555
2023-06-14,2432.26,2456.02,2430.76,2439.55,36406172
2023-06-15,2421.08,2425.66,2403.27,2408.34,42989952
2023-06-16,2395.55,2437.17,2390.06,2391.31,14946486
2023-06-19,2423.08,2449.73,2427.39,2440.32,15750637
2023-06-20,2489.45,2512.62,2487.83,2498.15,12540707
2023-06-21,2484.61,2465.17,2425.86,2455.92,11171511
2023-06-22,2470.26,2476.53,2455.96,2465.85,32930346
2023-06-23,2462.9,2458.1,2430.64,2450.65,29323820
2023-06-26,2423.19,2428.01,2403.73,2425.76,33733421
2023-06-27,2430.28,2440.26,2419.96,2436.86,32549493
2023-06-29,2479.63,2486.28,2475.27,2479.29,29779818
2023-06-30,2493.51,2498.09,2454.09,2496.83,20580499
2023-07-03,2467.06,2493.08,2476.89,2485.62,24131544
2023-07-04,2492.99,2513.17,2492.65,2505.56,9087850
2023-07-05,2501.6,2514.25,2456.92,2492.78,19695124
2023-07-06,2504.16,2512.46,2489.29,2508.94,48561160
2023-07-07,2562.58,2569.36,2560.62,2562.25,5720603
2023-07-10,2486.1,2512.13,2480.33,2483.18,15572408
2023-07-11,2517.55,2522.14,2503.17,2513.62,19421330
2023-07-12,2470.43,2466.77,2453.58,2456.35,8048782
2023-07-13,2488.59,2510.31,2477.02,2502.34,23460180
2023-07-14,2486.25,2520.53,2472.81,2479.18,5338865
2023-07-17,2443.83,2479.23,2415.49,2434.64,45256025
2023-07-18,2472.89,2476.2,2439.82,2460.76,42318571
2023-07-19,2457.47,2489.06,2460.39,2474.95,13179484
2023-07-20,2441.7,2449.16,2438.01,2438.59,45931808
2023-07-21,2414.03,2396.86,2381.36,2393.49,20072353
2023-07-24,2386.3,2398.0,2375.77,2387.48,48143597
2023-07-25,2350.74,2361.36,2307.18,2345.07,26634778
2023-07-26,2317.45,2321.85,2287.39,2308.44,22483078
2023-07-27,2301.28,2318.68,2294.25,2313.14,5697264
2023-07-28,2301.23,2283.66,2265.43,2280.32,10110670
2023-07-31,2301.32,2315.68,2287.87,2295.59,28934856
2023-08-01,2353.69,2361.06,2328.83,2347.59,16141068
2023-08-02,2323.59,2353.64,2320.6,2343.06,26128991
2023-08-03,2357.67,2376.48,2342.84,2348.34,45618561
2023-08-04,2426.26,2430.57,2415.26,2420.13,34748639
2023-08-07,2397.06,2392.95,2364.33,2377.75,22582957
2023-08-08,2417.18,2440.87,2419.22,2420.95,18595610
2023-08-09,2448.41,2463.58,2456.57,2460.56,33484579
2023-08-10,2484.33,2520.4,2476.75,2492.83,47834490
2023-08-11,2535.46,2555.43,2525.64,2541.88,38717514
2023-08-14,2539.06,2571.2,2506.32,2553.34,14844687
2023-08-17,2548.11,2589.29,2528.69,2531.78,48800438
2023-08-18,2591.2,2581.44,2545.61,2574.11,48233945
2023-08-21,2616.06,2636.67,2609.44,2618.62,11440449
2023-08-22,2657.59,2677.59,2638.55,2662.82,5043937
2023-08-23,2641.21,2695.72,2658.87,2665.4,24700949
2023-08-24,2646.74,2649.92,2633.87,2637.56,32709690
2023-08-25,2667.8,2652.42,2621.86,2645.93,7061854
2023-08-28,2675.57,2689.7,2660.52,2684.12,16471166
2023-08-29,2724.57,2745.44,2710.34,2726.16,41254902
2023-08-30,2715.29,2724.45,2690.3,2709.41,49342132
2023-08-31,2746.52,2744.22,2722.46,2723.04,29815804
2023-09-01,2673.07,2715.98,2644.18,2670.4,31201891
2023-09-04,2713.3,2713.13,2709.7,2710.65,17776743
2023-09-05,2682.02,2705.84,2652.67,2679.62,25584345
2023-09-06,2692.66,2723.13,2674.17,2711.98,15571281
2023-09-07,2646.75,2671.97,2659.29,2666.04,43146126
2023-09-08,2697.15,2760.35,2672.13,2708.09,14500117
2023-09-11,2735.77,2741.24,2703.68,2721.98,20057514
2023-09-12,2686.38,2693.39,2684.95,2690.89,48372848
2023-09-13,2712.4,2731.3,2699.08,2719.6,33573119
2023-09-14,2688.96,2707.11,2690.28,2696.34,21603334
2023-09-15,2725.58,2738.85,2708.18,2727.46,38123518
2023-09-18,2740.19,2741.83,2715.8,2717.07,14440487
2023-09-20,2645.74,2651.88,2620.03,2647.74,10138985
2023-09-21,2599.25,2615.76,2606.4,2609.51,20442967
2023-09-22,2593.78,2605.74,2571.98,2593.45,44348830
2023-09-25,2670.68,2658.86,2613.8,2647.45,8383226
2023-09-26,2677.28,2709.47,2667.45,2684.03,21531538
2023-09-27,2733.97,2757.24,2741.19,2750.21,47433813
2023-09-28,2812.2,2844.84,2800.77,2819.26,19604904
2023-09-29,2799.29,2807.83,2772.41,2797.49,46708628
2023-10-03,2800.02,2791.63,2755.74,2790.42,16795004
2023-10-04,2788.01,2803.69,2744.37,2774.04,6858116
2023-10-05,2732.57,2782.66,2695.69,2746.93,44086056
2023-10-06,2659.18,2690.42,2635.0,2671.88,29918868
2023-10-09,2667.77,2702.66,2669.07,2672.09,46817457
2023-10-10,2630.33,2629.58,2586.81,2621.36,48338378
2023-10-11,2604.3,2664.71,2619.65,2620.81,45575767
2023-10-12,2696.56,2737.99,2696.4,2704.77,26463515
2023-10-13,2676.96,2703.47,2657.55,2684.92,42484366
2023-10-16,2706.24,2710.41,2687.29,2693.56,11553830
2023-10-17,2738.21,2734.42,2713.01,2731.0,24375666
2023-10-18,2755.71,2773.56,2727.62,2743.31,48199506
2023-10-19,2774.61,2779.38,2751.67,2756.16,16262641
2023-10-20,2737.82,2761.89,2729.4,2742.01,22452930
2023-10-23,2717.06,2740.11,2687.85,2733.29,39828418
2023-10-25,2678.84,2701.81,2683.2,2694.75,6823462
2023-10-26,2704.67,2737.31,2720.13,2729.76,26152127
2023-10-27,2653.17,2662.04,2656.17,2659.27,44857243
2023-10-30,2693.63,2718.01,2691.19,2698.81,45610153
2023-10-31,2653.2,2660.34,2633.72,2642.79,33659568
2023-11-01,2681.97,2694.43,2662.83,2681.74,31788782
2023-11-02,2661.78,2722.24,2662.63,2668.32,46011847
2023-11-06,2618.29,2622.49,2615.1,2619.81,23826512
2023-11-07,2629.63,2645.66,2642.12,2643.36,29914274
2023-11-08,2694.73,2684.58,2678.01,2680.98,29332387
2023-11-09,2653.7,2680.25,2644.74,2664.17,41821722
2023-11-10,2678.41,2722.31,2692.45,2693.76,21480059
2023-11-13,2612.88,2611.88,2597.22,2602.24,20673546
2023-11-14,2558.79,2558.74,2543.26,2551.47,35206996
2023-11-16,2579.28,2613.66,2597.95,2601.7,21676037
2023-11-17,2604.84,2607.67,2588.92,2593.75,16659375
2023-11-20,2512.73,2550.65,2520.93,2522.08,49129428
2023-11-21,2491.73,2516.39,2485.34,2496.4,18150588
2023-11-22,2464.87,2468.42,2456.4,2462.57,11173426
2023-11-23,2464.39,2461.37,2452.83,2457.18,18396921
2023-11-24,2449.69,2460.92,2440.72,2444.25,36544091
2023-11-27,2450.93,2459.24,2431.91,2451.54,26535056
2023-11-28,2444.52,2454.4,2435.82,2449.72,28158097
2023-11-29,2505.57,2521.28,2488.48,2500.42,5343853
2023-11-30,2515.61,2545.83,2516.43,2517.1,5995549
2023-12-01,2558.01,2560.53,2494.14,2535.13,24006451
2023-12-04,2587.77,2601.88,2575.74,2580.2,40880344
2023-12-05,2554.08,2581.95,2551.66,2565.93,42175984
2023-12-06,2512.12,2548.4,2517.82,2518.13,37804836
2023-12-07,2565.09,2565.76,2535.99,2564.47,33635253
2023-12-08,2587.17,2582.81,2559.76,2570.47,39533549
2023-12-11,2594.79,2577.05,2558.46,2576.61,41431066
2023-12-12,2547.85,2563.82,2544.07,2552.91,23970942
2023-12-13,2518.24,2552.85,2485.11,2530.05,21137804
2023-12-14,2549.35,2565.83,2562.31,2562.95,17475479
2023-12-15,2604.85,2608.71,2578.84,2601.57,17738443
2023-12-18,2663.27,2657.25,2630.16,2632.94,22366093
2023-12-19,2672.22,2667.67,2631.97,2665.04,47426808
2023-12-20,2667.16,2732.9,2672.04,2688.59,11261150
2023-12-21,2684.92,2704.35,2661.57,2694.7,18766738
2023-12-22,2680.03,2731.39,2676.34,2688.42,44943872
2023-12-26,2726.79,2759.39,2734.9,2738.04,7765788
2023-12-27,2718.23,2734.79,2700.75,2723.51,8151877
2023-12-28,2744.5,2753.52,2724.45,2739.44,20035072
2023-12-29,2716.45,2731.47,2687.15,2707.22,16434640
2024-01-01,2695.9,2691.52,2653.23,2681.26,25884410
2024-01-02,2679.57,2678.79,2643.37,2672.57,12213506
2024-01-03,2615.33,2654.89,2596.94,2641.14,8992720
2024-01-04,2659.41,2693.59,2644.24,2673.54,12224321
2024-01-05,2618.21,2634.03,2594.16,2620.28,48584799
2024-01-08,2626.9,2660.32,2614.47,2624.97,45686485
2024-01-09,2642.31,2651.94,2607.52,2630.98,26049190
2024-01-10,2560.85,2587.86,2527.89,2560.3,7338016
2024-01-11,2544.78,2563.5,2532.97,2544.13,12566265
2024-01-12,2557.69,2566.74,2541.87,2554.65,36305941
2024-01-15,2568.57,2572.0,2571.79,2571.85,16177902
2024-01-16,2565.85,2571.35,2543.33,2564.74,29249219
2024-01-17,2606.14,2618.76,2567.74,2591.55,37474277
2024-01-18,2586.99,2589.67,2553.21,2588.08,46541436
2024-01-19,2588.99,2615.58,2584.69,2589.38,8277782
2024-01-22,2599.49,2620.79,2597.66,2599.93,5598348
2024-01-23,2653.98,2641.76,2605.04,2636.87,38415456
2024-01-24,2596.46,2634.16,2602.27,2610.93,21099453
2024-01-25,2615.67,2614.63,2582.06,2592.65,6014940
2024-01-29,2552.31,2574.09,2560.12,2567.41,5433724
2024-01-30,2547.03,2563.48,2545.01,2555.39,36933471
2024-01-31,2620.55,2613.55,2605.1,2610.83,49865418
2024-02-01,2647.61,2639.24,2624.62,2634.04,36740177
2024-02-02,2571.96,2615.02,2584.37,2590.14,15454316
2024-02-05,2553.56,2610.34,2558.9,2567.59,26958155
2024-02-06,2586.3,2599.61,2542.06,2582.71,11899987
2024-02-07,2578.24,2553.33,2546.85,2548.37,26541894
2024-02-08,2537.12,2539.6,2514.35,2521.41,34296474
2024-02-09,2569.84,2582.03,2561.29,2573.03,17610551
2024-02-12,2519.28,2564.67,2540.35,2550.13,13861126
2024-02-13,2588.47,2587.55,2578.09,2587.41,14030954
2024-02-14,2641.69,2654.93,2626.8,2636.91,31927200
2024-02-15,2603.7,2613.52,2608.57,2608.69,38767700
2024-02-16,2563.7,2591.16,2571.99,2574.65,13121119
2024-02-19,2566.8,2585.41,2521.66,2564.76,8105099
2024-02-20,2511.75,2526.9,2510.46,2523.64,6419468
2024-02-21,2552.66,2530.4,2523.11,2528.98,45423526
2024-02-22,2541.07,2546.68,2482.94,2521.94,10843947
2024-02-23,2544.68,2540.55,2512.16,2536.34,45947312
2024-02-26,2591.41,2626.43,2572.28,2590.25,12975866
2024-02-27,2614.13,2651.07,2618.53,2622.79,19264679
2024-02-28,2642.55,2645.57,2634.08,2642.82,42100039
2024-02-29,2586.7,2569.35,2525.63,2565.67,49546925
2024-03-01,2594.73,2596.33,2566.37,2583.51,22569837
2024-03-04,2653.74,2668.29,2638.5,2651.04,11688261
2024-03-05,2543.82,2566.24,2512.91,2532.12,24840879
2024-03-06,2566.04,2559.33,2531.01,2559.06,6674809
2024-03-07,2558.77,2575.92,2544.44,2553.71,22734824
2024-03-11,2534.29,2522.25,2503.78,2521.93,22120377
2024-03-12,2559.59,2559.39,2540.53,2552.99,8010808
2024-03-13,2630.47,2677.55,2585.54,2619.23,35757876
2024-03-14,2652.61,2672.73,2641.64,2650.47,32358376
2024-03-15,2633.16,2637.56,2609.92,2636.51,25190255
2024-03-18,2592.86,2602.32,2565.12,2599.99,29947423
2024-03-19,2597.71,2626.24,2587.19,2606.41,16291717
2024-03-20,2620.13,2662.44,2621.5,2641.33,43918131
2024-03-21,2614.81,2687.97,2594.78,2626.79,45260091
2024-03-22,2603.82,2629.59,2607.24,2616.13,21335002
2024-03-26,2720.74,2728.27,2726.1,2727.66,10049902
2024-03-27,2794.27,2801.69,2745.04,2772.61,27684108
2024-03-28,2819.05,2841.14,2794.81,2821.27,7999668
2024-04-01,2763.66,2809.92,2747.74,2760.32,9285206
2024-04-02,2735.6,2744.04,2725.35,2731.87,27131913
2024-04-03,2757.47,2759.83,2724.62,2735.75,23586050
2024-04-04,2687.73,2734.39,2694.16,2695.49,35592637
2024-04-05,2757.93,2779.34,2759.65,2761.0,12014219
2024-04-08,2818.74,2862.15,2787.69,2820.24,29248896
2024-04-09,2814.41,2813.22,2763.52,2798.51,37578655
2024-04-10,2893.56,2879.93,2870.98,2874.24,6816471
2024-04-12,2881.74,2906.53,2869.45,2874.92,47471092
2024-04-15,3005.86,2989.31,2985.49,2987.44,35564713
2024-04-16,2997.48,3012.25,2956.21,2994.82,16436488
2024-04-18,3019.0,3025.21,3013.48,3021.61,27769792
2024-04-19,3104.15,3105.38,3046.47,3085.96,19077417
2024-04-22,3153.7,3151.66,3127.16,3146.03,36051209
2024-04-23,3159.41,3171.56,3117.43,3171.07,9363051
2024-04-24,3181.1,3214.17,3135.63,3165.31,29379370
2024-04-25,3187.34,3194.31,3180.42,3190.67,40328872
2024-04-26,3147.36,3186.48,3138.43,3152.57,14527645
2024-04-29,3174.82,3177.37,3137.52,3160.71,49526212
2024-04-30,3107.68,3147.89,3102.46,3109.06,37520058
2024-05-01,3032.83,3051.46,2992.04,3026.94,23239939
2024-05-02,3040.17,3040.06,3015.24,3030.14,16079667
2024-05-03,3076.33,3101.84,3062.2,3088.42,42372012
2024-05-06,3138.27,3139.62,3097.73,3132.24,14100871
2024-05-07,3150.44,3151.01,3099.33,3129.33,8474639
2024-05-08,3196.91,3219.43,3163.41,3212.27,40062000
2024-05-09,3192.99,3204.48,3185.52,3185.82,6452622
2024-05-10,3082.28,3108.91,3081.79,3095.12,26806167
2024-05-13,3010.03,3004.45,2962.09,2994.74,7579854
2024-05-14,2957.47,2969.38,2913.25,2942.58,36168177
2024-05-15,2974.23,3009.65,2957.56,2979.51,45921081
2024-05-16,2984.64,2957.89,2938.57,2952.03,48833921
2024-05-17,2989.78,2973.97,2966.51,2973.33,6833284
2024-05-20,3058.42,3051.76,3040.05,3047.65,31984818
2024-05-21,3008.02,3006.13,2981.61,2998.27,10167014
2024-05-22,3035.55,3022.08,3008.4,3020.69,36572065
2024-05-24,3030.86,3060.84,3041.86,3046.02,25312159
2024-05-27,3010.53,3009.94,3001.17,3007.6,5829340
2024-05-28,3075.48,3118.89,3038.0,3069.6,24439580
2024-05-29,3051.15,3100.02,3038.82,3057.27,20673389
2024-05-30,3047.66,3087.49,3003.94,3040.59,24360633
2024-05-31,3157.13,3137.81,3132.45,3137.81,32731998
2024-06-03,3156.69,3187.41,3139.86,3163.36,31233239
2024-06-04,3207.34,3217.08,3193.63,3208.21,34773174
2024-06-05,3260.95,3275.9,3250.2,3274.38,29854414
2024-06-06,3214.43,3255.17,3240.77,3243.41,33122771
2024-06-07,3318.06,3370.39,3298.1,3305.19,40367609
2024-06-10,3280.88,3287.95,3279.48,3281.3,36835084
2024-06-11,3256.24,3269.4,3250.03,3255.47,38188540
2024-06-12,3227.17,3286.02,3226.56,3243.17,22369963
2024-06-13,3210.9,3264.63,3182.55,3213.88,11919049
2024-06-14,3272.32,3258.73,3201.1,3254.48,47681128
2024-06-18,3268.51,3287.96,3235.37,3268.5,15957398
2024-06-19,3245.87,3267.62,3232.51,3245.4,25509638
2024-06-20,3282.61,3291.35,3269.7,3279.21,42845624
2024-06-21,3246.46,3284.22,3233.59,3266.65,19194479
2024-06-24,3261.72,3267.28,3218.9,3251.56,29182670
2024-06-25,3234.48,3280.7,3209.72,3254.91,33856454
2024-06-26,3263.11,3309.05,3268.43,3278.51,44731527
2024-06-27,3281.36,3302.84,3290.93,3298.67,35584067
2024-06-28,3278.8,3295.29,3236.23,3281.68,45665211
2024-07-01,3318.51,3335.3,3314.81,3324.37,21646897
2024-07-02,3314.26,3331.19,3303.67,3314.28,14215922
2024-07-03,3267.85,3323.59,3261.51,3282.71,31117702
2024-07-04,3227.56,3226.45,3202.84,3211.41,44718394
2024-07-05,3273.32,3268.19,3196.06,3259.73,42960812
2024-07-08,3258.48,3283.0,3245.88,3261.31,46540648
2024-07-09,3264.78,3283.84,3254.17,3272.61,8401148
2024-07-10,3315.3,3356.5,3310.11,3324.93,33986141
2024-07-11,3297.0,3337.66,3297.94,3302.12,13909969
2024-07-12,3212.38,3243.81,3218.5,3235.03,46008925
2024-07-15,3223.85,3246.96,3173.32,3239.39,48427718
2024-07-16,3269.32,3266.93,3233.47,3255.32,47874419
2024-07-18,3248.35,3259.58,3229.03,3243.46,29500399
2024-07-19,3343.24,3339.44,3307.95,3316.14,9819323
2024-07-22,3188.68,3239.97,3171.86,3193.46,25537508
2024-07-23,3242.21,3272.16,3201.19,3248.08,32866950
2024-07-24,3280.89,3312.66,3268.37,3287.6,31879461
2024-07-25,3305.83,3342.99,3294.18,3311.11,18361116
2024-07-26,3136.04,3159.86,3127.89,3146.42,25627425
2024-07-29,3212.31,3234.32,3182.53,3207.96,13149755
2024-07-30,3159.99,3163.04,3130.16,3159.53,11779494
2024-07-31,3128.41,3177.84,3110.45,3136.41,49850740
2024-08-01,3148.91,3139.72,3078.29,3129.33,31752360
2024-08-02,3179.26,3153.65,3117.47,3149.39,41714668
2024-08-05,3199.09,3181.57,3160.3,3180.54,5356348
2024-08-06,3233.09,3255.14,3220.44,3224.09,12973626
2024-08-07,3276.95,3276.45,3255.11,3264.52,25128944
2024-08-08,3308.31,3284.49,3224.67,3277.88,47208465
2024-08-09,3311.86,3299.9,3270.16,3299.32,26214967
2024-08-12,3236.82,3294.11,3241.41,3246.32,8798702
2024-08-13,3217.03,3217.56,3188.18,3210.73,28513752
2024-08-14,3265.01,3319.55,3222.74,3254.82,48881306
2024-08-16,3280.27,3312.11,3290.07,3296.67,8765402
2024-08-19,3328.7,3356.26,3308.44,3333.45,11524555
2024-08-20,3326.93,3320.57,3264.03,3308.73,42193366
2024-08-21,3324.32,3370.87,3333.85,3354.91,10496080
2024-08-22,3276.86,3298.56,3273.51,3297.48,18023787
2024-08-23,3348.79,3380.57,3339.49,3351.75,36339132
2024-08-27,3345.55,3339.7,3334.75,3339.64,24873431
2024-08-28,3401.76,3505.3,3390.31,3425.01,41634054
2024-08-29,3345.76,3397.32,3316.78,3347.88,43760284
2024-08-30,3457.27,3438.89,3410.79,3437.44,41335412
2024-09-02,3421.0,3424.21,3413.44,3419.83,44743195
2024-09-03,3417.36,3428.05,3372.11,3401.39,31669270
2024-09-04,3402.25,3434.24,3383.4,3412.35,20295817
2024-09-05,3364.01,3387.48,3333.14,3377.69,41540559
2024-09-06,3389.36,3389.21,3356.32,3375.04,15199393
2024-09-09,3344.87,3362.86,3319.47,3338.71,24022104
2024-09-10,3285.01,3346.1,3237.67,3304.6,30965889
2024-09-11,3316.4,3338.59,3314.65,3329.73,49387806
2024-09-12,3311.4,3288.37,3279.23,3285.7,5051111
2024-09-13,3233.8,3292.5,3245.88,3248.82,36506821
2024-09-17,3197.77,3201.94,3148.63,3182.9,13459327
2024-09-18,3152.25,3188.71,3157.57,3159.8,8755803
2024-09-19,3222.86,3233.69,3211.8,3222.91,9346120
2024-09-20,3187.67,3207.41,3168.41,3182.98,43144005
2024-09-23,3115.92,3174.94,3122.32,3149.0,30034740
2024-09-24,3136.01,3170.9,3151.62,3159.11,18472656
2024-09-25,3143.85,3152.77,3125.16,3142.49,32113826
2024-09-26,3236.7,3266.63,3244.68,3248.46,48513803
2024-09-27,3257.66,3272.57,3239.39,3241.51,35791852
2024-09-30,3232.61,3275.33,3255.83,3258.78,35705782
2024-10-01,3315.23,3348.55,3285.97,3305.89,36760298
2024-10-03,3329.66,3371.05,3337.49,3352.73,41764897
2024-10-04,3359.55,3376.09,3328.37,3365.47,49286138
2024-10-07,3340.48,3373.41,3304.4,3358.35,24682366
2024-10-08,3494.24,3487.75,3417.23,3461.32,40220348
2024-10-09,3434.03,3490.23,3420.58,3457.18,19738705
2024-10-10,3433.21,3436.78,3396.29,3435.31,7460245
2024-10-11,3373.68,3404.81,3370.64,3403.06,32900113
2024-10-14,3342.45,3319.84,3312.37,3315.93,30478336
2024-10-15,3364.53,3365.57,3282.34,3357.79,6407725
2024-10-16,3242.76,3284.89,3225.28,3240.54,45047123
2024-10-17,3265.12,3252.28,3204.74,3241.23,11958007
2024-10-18,3234.62,3283.2,3206.84,3232.24,43110389
2024-10-21,3345.48,3375.74,3328.2,3341.81,21587311
2024-10-22,3253.14,3295.3,3239.73,3251.0,7965731
2024-10-23,3217.07,3235.61,3193.47,3208.03,28775797
2024-10-24,3194.56,3217.65,3178.49,3202.45,12844453
2024-10-25,3190.5,3204.95,3180.3,3193.92,41023955
2024-10-28,3181.39,3210.71,3162.61,3168.55,32401006
2024-10-29,3170.04,3203.54,3151.32,3165.65,48649248
2024-10-30,3105.02,3114.09,3073.7,3106.79,32716486
2024-11-04,3102.49,3150.74,3118.88,3124.37,35936010
2024-11-05,3039.1,3026.51,3009.37,3016.51,43744736
2024-11-06,3006.27,3035.46,2985.83,3016.25,5198823
2024-11-07,3004.75,3006.58,2974.54,2989.99,9015876
2024-11-08,3039.14,3041.85,3024.73,3036.47,48666604
2024-11-11,3097.17,3160.49,3099.98,3117.33,20916910
2024-11-12,3122.21,3119.32,3083.71,3102.78,34098280
2024-11-13,3172.47,3210.5,3118.16,3168.44,31445703
2024-11-14,3175.43,3175.79,3142.58,3154.37,9995314
2024-11-18,3106.76,3119.46,3093.08,3109.6,31462416
2024-11-19,3203.21,3211.07,3169.23,3191.97,49014845
2024-11-20,3189.5,3218.21,3185.5,3217.86,17193242
2024-11-21,3210.99,3252.16,3211.95,3219.04,32833886
2024-11-22,3232.48,3267.95,3212.14,3253.19,12844867
2024-11-25,3261.42,3311.05,3254.33,3267.54,32368641
2024-11-26,3272.83,3272.87,3236.66,3265.13,34747460
2024-11-27,3191.47,3221.23,3184.45,3201.15,42910907
2024-11-28,3202.89,3196.49,3184.71,3189.12,42199334
2024-11-29,3206.1,3223.14,3165.3,3219.89,31820703
2024-12-02,3229.15,3230.68,3197.88,3214.92,47588928
2024-12-03,3280.75,3295.32,3203.9,3259.4,44852028
2024-12-04,3295.76,3319.81,3210.92,3279.14,12259851
2024-12-05,3231.36,3276.73,3204.93,3236.93,28064274
2024-12-06,3140.12,3190.84,3101.52,3173.85,8622216
2024-12-09,3176.54,3230.42,3165.41,3167.32,45814086
2024-12-10,3141.39,3160.12,3118.45,3143.36,27303868
2024-12-11,3144.7,3179.52,3157.49,3160.16,24773198
2024-12-12,3118.37,3134.13,3092.25,3127.07,40715331
2024-12-13,3121.37,3145.17,3078.55,3099.14,48467582
2024-12-16,3131.12,3159.2,3106.15,3149.03,34425326
2024-12-17,3164.36,3189.12,3127.67,3156.97,45677090
2024-12-18,3128.05,3152.95,3114.57,3124.64,18770497
2024-12-19,3120.81,3141.95,3124.73,3126.4,36120068
2024-12-20,3202.3,3194.45,3169.83,3192.01,39829319
2024-12-23,3233.2,3207.13,3201.11,3207.03,36670493
2024-12-24,3231.73,3242.84,3234.92,3236.52,38869679
2024-12-26,3197.08,3201.92,3198.8,3200.97,30125394
2024-12-27,3261.32,3262.32,3216.3,3251.21,23880861
2024-12-30,3380.69,3374.48,3356.35,3365.24,47303222
2024-12-31,3324.18,3338.7,3301.5,3326.3,25151887
2025-01-01,3263.33,3288.33,3245.58,3268.32,5025957
2025-01-02,3241.56,3289.09,3260.73,3277.91,35281749
2025-01-03,3309.02,3353.61,3284.65,3321.94,35905632
2025-01-06,3299.48,3337.12,3313.04,3318.38,33832455
2025-01-07,3278.14,3291.33,3232.26,3266.96,44453860
2025-01-08,3258.63,3267.1,3254.97,3262.61,47383499
2025-01-09,3288.2,3317.52,3290.89,3292.86,8398596
2025-01-10,3273.6,3294.95,3272.81,3273.75,28833013
2025-01-13,3290.17,3313.01,3277.33,3304.55,41242204
2025-01-14,3389.39,3388.64,3340.21,3363.27,32506700
2025-01-15,3398.32,3451.65,3371.13,3376.4,7570740
2025-01-16,3403.31,3402.52,3368.67,3376.0,39673689
2025-01-17,3430.69,3451.02,3393.08,3419.01,34547029
2025-01-20,3375.63,3396.85,3373.63,3376.13,39181195
2025-01-21,3355.67,3389.47,3292.77,3328.79,18311983
2025-01-22,3305.19,3322.17,3273.89,3316.48,10226861
2025-01-24,3278.67,3294.26,3272.06,3293.01,44861339
2025-01-27,3244.52,3279.31,3222.42,3254.31,30531208
2025-01-28,3353.38,3386.52,3318.13,3344.64,42014390
2025-01-29,3441.46,3468.45,3422.86,3454.62,20777033
2025-01-30,3434.65,3458.62,3423.08,3437.32,33960303
2025-01-31,3415.5,3470.45,3406.14,3443.08,6524210
